samples,min_raw,median_price,q1_price,avg_price,max_price,fraction_low,low_threshold,low_count,normal_min,decision,cutoff,articulum
59,10.0,36500.0,8775.0,39430.372881355936,141358.0,0.3898305084745763,14600.0,23,10.0,stable_low_market,,0AM198140
55,50.0,5490.0,1700.0,9175.981818181817,29000.0,0.36363636363636365,2196.0,20,50.0,stable_low_market,,S671090255
41,99.0,34000.0,8686.0,112465.24390243902,831600.0,0.3170731707317073,13600.0,13,99.0,stable_low_market,,4M0698151BL
53,100.0,10368.0,3325.0,522263.320754717,13900000.0,0.2830188679245283,4147.2,15,100.0,stable_low_market,,9GTRONIC
219,100.0,11000.0,4025.0,51979.6803652968,1245000.0,0.2831050228310502,4400.0,62,100.0,stable_low_market,,N63B44TU
276,100.0,4036.5,1318.0,93598.38043478261,9000000.0,0.3115942028985507,1614.6000000000001,86,100.0,stable_low_market,,BMW7-G11
51,200.0,10000.0,2414.5,13831.56862745098,69300.0,0.43137254901960786,4000.0,22,200.0,stable_low_market,,03L131512BB
60,200.0,6455.0,2458.25,6603.216666666666,17160.0,0.2833333333333333,2582.0,17,200.0,stable_low_market,,06K103319A
66,247.0,6583.0,1589.0,9065.363636363636,60671.0,0.3787878787878788,2633.2000000000003,25,247.0,stable_low_market,,A2721800510
88,299.0,6945.0,1342.5,9615.488636363636,160000.0,0.3181818181818182,2778.0,28,299.0,stable_low_market,,058109088K
74,300.0,5999.5,1997.5,7848.959459459459,95000.0,0.32432432432432434,2399.8,24,300.0,stable_low_market,,7P0827505G
24,300.0,28409.5,10996.25,22275.958333333332,43616.0,0.25,11363.800000000001,6,300.0,stable_low_market,,LR029682
52,300.0,2989.0,742.0,3879.5384615384614,9839.0,0.28846153846153844,1195.6000000000001,15,300.0,stable_low_market,,03C109507AD
130,300.0,4500.0,1562.5,5755.530769230769,16961.0,0.3,1800.0,39,300.0,stable_low_market,,4M0127434H
132,360.0,8450.0,1450.0,9169.719696969696,35800.0,0.36363636363636365,3380.0,48,360.0,stable_low_market,,54501JN00B
30,400.0,11687.5,1241.75,10149.266666666666,49200.0,0.3333333333333333,4675.0,10,400.0,stable_low_market,,LR017436
26,407.0,6062.5,2412.5,5604.5,13940.0,0.2692307692307692,2425.0,7,407.0,stable_low_market,,LR016683
157,499.0,8075.0,3000.0,9853.273885350318,96715.0,0.267515923566879,3230.0,42,499.0,stable_low_market,,LR008836
109,500.0,5600.0,2200.0,7413.752293577982,27300.0,0.25688073394495414,2240.0,28,500.0,stable_low_market,,036107065ET
192,500.0,4625.0,1787.5,55729.963541666664,2700001.0,0.265625,1850.0,51,500.0,stable_low_market,,LR156918
58,500.0,5570.0,2000.0,5430.896551724138,15469.0,0.3103448275862069,2228.0,18,500.0,stable_low_market,,A2122406317
78,550.0,6029.5,1232.0,6796.679487179487,24854.0,0.3076923076923077,2411.8,24,550.0,stable_low_market,,LR011219
18,570.0,6350.0,1454.25,9560.333333333334,23100.0,0.4444444444444444,2540.0,8,570.0,stable_low_market,,8K0698151R
230,270.0,1195.0,885.0,2228.1565217391303,26250.0,0.1,478.0,23,582.0,filtered_outliers,531.0,7L0505375A
65,400.0,1500.0,680.0,6593.676923076923,28600.0,0.07692307692307693,600.0,5,590.0,filtered_outliers,408.0,A2202770998
61,590.0,4646.0,1270.0,7150.622950819672,19667.0,0.3770491803278688,1858.4,23,590.0,stable_low_market,,A1643300685
112,400.0,1995.0,1000.0,3484.2053571428573,13410.0,0.125,798.0,14,600.0,filtered_outliers,600.0,06E903133AE
49,600.0,28614.0,10600.0,29566.020408163266,65000.0,0.2653061224489796,11445.6,13,600.0,stable_low_market,,A0998100316
31,600.0,8125.0,1854.0,6821.419354838709,13000.0,0.3548387096774194,3250.0,11,600.0,stable_low_market,,3Q0698451
18,639.0,9854.0,2082.0,10369.333333333334,21681.0,0.4444444444444444,3941.6000000000004,8,639.0,stable_low_market,,LR025919
214,100.0,1500.0,1000.0,3036.355140186916,30999.0,0.0794392523364486,600.0,17,680.0,filtered_outliers,600.0,A1663500053
23,680.0,1670.0,680.0,9833.04347826087,40028.0,0.0,668.0,0,680.0,filtered_outliers,417.5,A2032700089
77,500.0,2000.0,1000.0,4266.064935064935,15000.0,0.2077922077922078,800.0,16,680.0,filtered_outliers,600.0,KKB500760
132,680.0,5017.5,2000.0,6167.242424242424,25950.0,0.25757575757575757,2007.0,34,680.0,stable_low_market,,A2782000570
31,700.0,14365.0,8135.0,14061.806451612903,34344.0,0.25806451612903225,5746.0,8,700.0,stable_low_market,,A2720500003
41,700.0,15106.0,4500.0,13410.536585365853,34660.0,0.34146341463414637,6042.400000000001,14,700.0,stable_low_market,,LR016139
73,680.0,2400.0,1155.0,5039.684931506849,17303.0,0.1232876712328767,960.0,9,700.0,filtered_outliers,693.0,A6512002170
46,540.0,1375.0,1000.0,3925.3478260869565,16200.0,0.021739130434782608,550.0,1,700.0,filtered_outliers,600.0,A6512001770
167,480.0,1700.0,1157.0,4216.34131736527,25500.0,0.03592814371257485,680.0,6,700.0,filtered_outliers,694.1999999999999,A1668307201
67,700.0,5775.0,2043.5,5487.074626865671,15730.0,0.29850746268656714,2310.0,20,700.0,stable_low_market,,A1665001091
21,700.0,12000.0,970.0,18908.333333333332,105000.0,0.3333333333333333,4800.0,7,700.0,stable_low_market,,8M0033407
50,720.0,6250.0,2175.0,10532.32,33070.0,0.26,2500.0,13,720.0,stable_low_market,,A0009050401
64,721.0,15000.0,4773.75,28694.515625,95500.0,0.265625,6000.0,17,721.0,stable_low_market,,A1668856625
91,722.0,10440.0,3000.0,14970.758241758242,140300.0,0.2857142857142857,4176.0,26,722.0,stable_low_market,,A2126200191
67,722.0,13202.0,5350.0,11831.044776119403,24500.0,0.2537313432835821,5280.8,17,722.0,stable_low_market,,LR022688
84,450.0,2100.0,1200.0,4195.011904761905,51000.0,0.07142857142857142,840.0,6,750.0,filtered_outliers,720.0,06E903133AC
93,360.0,2720.0,1214.0,3783.3010752688174,15850.0,0.22580645161290322,1088.0,21,754.0,filtered_outliers,728.4,09M325429
209,222.0,2000.0,1260.0,4018.7081339712918,113800.0,0.10526315789473684,800.0,22,760.0,filtered_outliers,756.0,06H103269H
161,760.0,7635.0,2900.0,8146.913043478261,78744.0,0.2857142857142857,3054.0,46,760.0,stable_low_market,,A2732000201
137,500.0,2400.0,1200.0,3195.6204379562046,15714.0,0.11678832116788321,960.0,16,780.0,filtered_outliers,720.0,03C103935
73,800.0,7300.0,2880.0,7526.7945205479455,17575.0,0.2876712328767123,2920.0,21,800.0,stable_low_market,,LR002625
241,800.0,20000.0,3500.0,25115.526970954357,291900.0,0.3360995850622407,8000.0,81,800.0,stable_low_market,,4M0616005
51,800.0,26999.0,3971.0,42849.05882352941,189566.0,0.4117647058823529,10799.6,21,800.0,stable_low_market,,LR052387
46,800.0,30499.5,7250.0,42186.065217391304,367500.0,0.391304347826087,12199.800000000001,18,800.0,stable_low_market,,A4639063601
72,42.0,2000.0,1300.0,7333.277777777777,129900.0,0.1111111111111111,800.0,8,800.0,filtered_outliers,780.0,703500875
40,807.0,9687.5,4191.75,8952.45,19147.0,0.25,3875.0,10,807.0,stable_low_market,,LR029140
153,200.0,2300.0,1280.0,6677.143790849673,49406.0,0.20915032679738563,920.0,32,807.0,filtered_outliers,768.0,A1668851925
128,10.0,2012.5,1337.5,7075.7578125,90000.0,0.140625,805.0,18,810.0,filtered_outliers,802.5,A1668850753
42,835.0,7550.0,2990.0,7254.761904761905,16325.0,0.3333333333333333,3020.0,14,835.0,stable_low_market,,TDR500100
12,855.0,28956.5,19951.5,23865.583333333332,42025.0,0.25,11582.6,3,855.0,stable_low_market,,LR137499
46,525.0,3154.5,1384.5,4456.739130434783,11830.0,0.21739130434782608,1261.8000000000002,10,871.0,filtered_outliers,830.6999999999999,715900326
201,391.0,2430.0,1353.0,4680.28855721393,38272.0,0.13930348258706468,972.0,28,880.0,filtered_outliers,811.8,A1122000970
173,500.0,2000.0,1426.0,3784.0115606936415,26710.0,0.023121387283236993,800.0,4,888.0,filtered_outliers,855.6,3501123XGW02A
187,165.0,2400.0,1349.0,4608.208556149732,27716.0,0.1443850267379679,960.0,27,899.0,filtered_outliers,809.4,A2712001001
47,800.0,3260.0,1500.0,4908.851063829788,15388.0,0.10638297872340426,1304.0,5,900.0,filtered_outliers,900.0,LR033534
53,655.0,2000.0,1500.0,24689.67924528302,235000.0,0.05660377358490566,800.0,3,900.0,filtered_outliers,900.0,06E103472L
94,900.0,7276.0,2900.0,8287.425531914894,53797.0,0.26595744680851063,2910.4,25,900.0,stable_low_market,,03-F121004E
149,499.0,3300.0,1500.0,5732.10067114094,30400.0,0.18120805369127516,1320.0,27,900.0,filtered_outliers,900.0,A6422001970
182,192.0,3000.0,1500.0,5093.56043956044,26250.0,0.17032967032967034,1200.0,31,930.0,filtered_outliers,900.0,A2762000370
40,936.0,5890.0,1522.5,5730.525,14600.0,0.35,2356.0,14,936.0,stable_low_market,,03H109507
170,500.0,2000.0,1422.0,4339.470588235294,100000.0,0.01764705882352941,800.0,3,948.0,filtered_outliers,853.1999999999999,04E906455D
66,950.0,9950.0,1316.25,11149.454545454546,80000.0,0.3181818181818182,3980.0,21,950.0,stable_low_market,,LR108980
200,1.0,2850.0,1425.0,145806.81,7870000.0,0.21,1140.0,42,950.0,filtered_outliers,855.0,5G-TRONIC
72,966.0,9450.0,3900.0,12926.527777777777,40290.0,0.25,3780.0,18,966.0,stable_low_market,,80A945070
81,700.0,3000.0,1600.0,5472.037037037037,23050.0,0.13580246913580246,1200.0,11,990.0,filtered_outliers,960.0,A1648690421
29,999.0,39200.0,2500.0,40072.58620689655,105132.0,0.3448275862068966,15680.0,10,999.0,stable_low_market,,LR057662
48,999.0,3642.5,1496.0,4917.0,15269.0,0.16666666666666666,1457.0,8,999.0,filtered_outliers,910.625,A0004200205
147,720.0,2700.0,1640.0,4013.4353741496598,24614.0,0.06802721088435375,1080.0,10,1000.0,filtered_outliers,984.0,8K0615601M
124,475.0,2580.0,1665.0,5211.185483870968,46000.0,0.06451612903225806,1032.0,8,1000.0,filtered_outliers,999.0,A2309810127
84,680.0,2825.0,1500.0,5041.476190476191,17537.0,0.03571428571428571,1130.0,3,1000.0,filtered_outliers,900.0,A2741880101
160,600.0,3460.0,1615.0,6450.3875,198900.0,0.20625,1384.0,33,1000.0,filtered_outliers,969.0,7P0498287
184,500.0,3550.0,1500.0,5572.157608695652,32500.0,0.1793478260869565,1420.0,33,1000.0,filtered_outliers,900.0,A6422002315
120,521.0,3895.0,1637.5,5293.3,24680.0,0.24166666666666667,1558.0,29,1000.0,filtered_outliers,982.5,LR003651
96,400.0,2251.0,1500.0,3494.8229166666665,14780.0,0.125,900.4000000000001,12,1050.0,filtered_outliers,900.0,06E121111AL
87,450.0,2700.0,1685.0,4291.6551724137935,13900.0,0.1839080459770115,1080.0,16,1080.0,filtered_outliers,1011.0,03C121008J
193,600.0,3100.0,1800.0,6716.466321243523,370500.0,0.11917098445595854,1240.0,23,1080.0,filtered_outliers,1080.0,A2701410025
238,511.0,3749.5,1700.0,17391.352941176472,160650.0,0.23109243697478993,1499.8000000000002,55,1097.0,filtered_outliers,1020.0,N43B20AA
132,440.0,3500.0,1803.75,8703.19696969697,170000.0,0.16666666666666666,1400.0,22,1100.0,filtered_outliers,1082.25,A1668840190
131,722.0,2590.0,1800.0,12312.732824427481,355300.0,0.030534351145038167,1036.0,4,1100.0,filtered_outliers,1080.0,S671090312
212,499.0,2500.0,1800.0,3386.2122641509436,17950.0,0.1509433962264151,1000.0,32,1100.0,filtered_outliers,1080.0,22204-31020
89,500.0,3000.0,1890.0,4764.337078651685,15490.0,0.0449438202247191,1200.0,4,1185.0,filtered_outliers,1134.0,06E121111G
57,680.0,2500.0,1900.0,15583.017543859649,400000.0,0.08771929824561403,1000.0,5,1200.0,filtered_outliers,1140.0,A6510900005
187,700.0,2500.0,1800.0,4153.497326203208,40000.0,0.0374331550802139,1000.0,7,1200.0,filtered_outliers,1080.0,A0009056503
120,500.0,4000.0,2000.0,6184.191666666667,30600.0,0.10833333333333334,1600.0,13,1200.0,filtered_outliers,1200.0,7L0919679
210,500.0,3000.0,2000.0,4485.323809523809,24396.0,0.02857142857142857,1200.0,6,1200.0,filtered_outliers,1200.0,A2722000031
94,500.0,4600.0,1991.75,7827.5,51300.0,0.23404255319148937,1840.0,22,1200.0,filtered_outliers,1195.05,A2710901929
86,680.0,3000.0,1981.75,6092.895348837209,32400.0,0.06976744186046512,1200.0,6,1200.0,filtered_outliers,1189.05,A1663260365
173,400.0,3000.0,1958.0,3797.2196531791906,13848.0,0.13872832369942195,1200.0,24,1209.0,filtered_outliers,1174.8,03C121008H
62,599.0,4548.5,1914.0,5164.0161290322585,15825.0,0.24193548387096775,1819.4,15,1220.0,filtered_outliers,1148.3999999999999,A4603330314
92,706.0,3550.0,1987.5,5764.923913043478,29838.0,0.07608695652173914,1420.0,7,1232.0,filtered_outliers,1192.5,LR002916
81,280.0,3000.0,1900.0,10631.41975308642,350000.0,0.13580246913580246,1200.0,11,1275.0,filtered_outliers,1140.0,06E115405K
121,500.0,4170.0,2090.0,5634.760330578512,39999.0,0.09090909090909091,1668.0,11,1280.0,filtered_outliers,1254.0,4M0407689C
138,955.0,2335.0,1694.0,4126.652173913043,23802.0,0.0,934.0,0,1300.0,filtered_outliers,1016.4,A1669060002
221,500.0,3000.0,2160.0,5454.56108597285,27687.0,0.10407239819004525,1200.0,23,1350.0,filtered_outliers,1296.0,06H906036Q
113,680.0,3000.0,2000.0,3716.451327433628,26370.0,0.12389380530973451,1200.0,14,1350.0,filtered_outliers,1200.0,7P0121407B
112,800.0,2820.0,2190.0,9186.839285714286,230000.0,0.03571428571428571,1128.0,4,1350.0,filtered_outliers,1314.0,A0009059704
89,660.0,4500.0,1960.0,6645.865168539326,70200.0,0.2247191011235955,1800.0,20,1374.0,filtered_outliers,1176.0,A2114230912
29,600.0,3760.0,2195.0,5909.931034482759,14000.0,0.1724137931034483,1504.0,5,1389.0,filtered_outliers,1317.0,GHY93328Z
209,418.0,3000.0,2000.0,4693.382775119617,28200.0,0.05741626794258373,1200.0,12,1394.0,filtered_outliers,1200.0,A0009061505
75,681.0,5000.0,2203.5,9254.52,34363.0,0.24,2000.0,18,1400.0,filtered_outliers,1322.1,A1664700490
46,500.0,3515.0,2025.0,5118.065217391304,19620.0,0.15217391304347827,1406.0,7,1402.0,filtered_outliers,1215.0,06E121018D
38,504.0,4109.5,1902.75,6125.5,16670.0,0.23684210526315788,1643.8000000000002,9,1425.0,filtered_outliers,1141.6499999999999,A1663201200
131,522.0,3000.0,2170.0,5729.12213740458,34209.0,0.13740458015267176,1200.0,18,1425.0,filtered_outliers,1302.0,7L8199131F
136,510.0,3000.0,2343.75,5402.286764705882,68610.0,0.007352941176470588,1200.0,1,1482.0,filtered_outliers,1406.25,A0065421718
68,900.0,3220.0,2154.75,4127.632352941177,11718.0,0.058823529411764705,1288.0,4,1495.0,filtered_outliers,1292.85,A007420102041
172,599.0,3498.0,2229.5,4130.7558139534885,13400.0,0.040697674418604654,1399.2,7,1499.0,filtered_outliers,1337.7,06L109259D
82,930.0,3930.0,2500.0,5444.621951219512,19685.0,0.07317073170731707,1572.0,6,1500.0,filtered_outliers,1500.0,06K103269F
127,990.0,4700.0,2150.0,6866.133858267716,37000.0,0.07874015748031496,1880.0,10,1500.0,filtered_outliers,1290.0,5658070619B9
24,900.0,2381.0,1567.25,4129.333333333333,12500.0,0.041666666666666664,952.4000000000001,1,1500.0,filtered_outliers,940.3499999999999,06K906262D
91,920.0,5000.0,2400.0,7444.076923076923,38000.0,0.16483516483516483,2000.0,15,1500.0,filtered_outliers,1440.0,A2123204630
76,450.0,3000.0,2403.5,4566.315789473684,16000.0,0.10526315789473684,1200.0,8,1500.0,filtered_outliers,1442.1,LR092039
103,750.0,5500.0,2550.0,6791.766990291262,35000.0,0.24271844660194175,2200.0,25,1549.0,filtered_outliers,1530.0,03C105209AQ
85,800.0,5000.0,2500.0,8289.411764705883,40000.0,0.09411764705882353,2000.0,8,1552.0,filtered_outliers,1500.0,A0999064601
172,275.0,5202.0,2534.5,10074.46511627907,150000.0,0.20930232558139536,2080.8,36,1560.0,filtered_outliers,1520.7,A2760500278
106,430.0,5000.0,2550.0,7376.830188679245,47034.0,0.16981132075471697,2000.0,18,1600.0,filtered_outliers,1530.0,3C0411303T
176,440.0,5005.5,2622.5,5874.727272727273,33600.0,0.125,2002.2,22,1614.0,filtered_outliers,1573.5,A2513300807
30,702.0,4222.0,2490.75,5748.066666666667,23951.0,0.16666666666666666,1688.8000000000002,5,1635.0,filtered_outliers,1494.45,TDR000120
136,600.0,4000.0,2550.0,6617.27205882353,58680.0,0.11764705882352941,1600.0,16,1657.0,filtered_outliers,1530.0,LR071914
121,675.0,4200.0,2750.0,6067.628099173554,23000.0,0.04132231404958678,1680.0,5,1700.0,filtered_outliers,1650.0,7H0819021A
46,599.0,3510.0,2370.25,6649.04347826087,27650.0,0.1956521739130435,1404.0,9,1730.0,filtered_outliers,1422.1499999999999,A1643300385
61,475.0,4644.0,2710.0,6935.868852459016,19500.0,0.11475409836065574,1857.6000000000001,7,1755.0,filtered_outliers,1626.0,8K0698151P
55,500.0,4690.0,2792.5,6719.890909090909,21864.0,0.10909090909090909,1876.0,6,1766.0,filtered_outliers,1675.5,7P6698451C
138,604.0,4909.0,2920.0,46831.1231884058,831600.0,0.12318840579710146,1963.6000000000001,17,1772.0,filtered_outliers,1752.0,A0004205900
118,836.0,4097.0,2417.5,5679.940677966101,27885.0,0.01694915254237288,1638.8000000000002,2,1772.0,filtered_outliers,1450.5,11537509227
116,520.0,4473.0,2941.25,10900.620689655172,77800.0,0.10344827586206896,1789.2,12,1791.0,filtered_outliers,1764.75,7L0407021B
83,681.0,4800.0,2850.0,5615.674698795181,15598.0,0.08433734939759036,1920.0,7,1800.0,filtered_outliers,1710.0,A0091535028
171,599.0,5400.0,3000.0,7362.187134502924,35805.0,0.15204678362573099,2160.0,26,1800.0,filtered_outliers,1800.0,A2043260200
75,10.0,4500.0,2797.0,5213.453333333333,22000.0,0.09333333333333334,1800.0,7,1800.0,filtered_outliers,1678.2,A0074206720
187,800.0,3953.0,2610.0,9011.080213903744,110000.0,0.0213903743315508,1581.2,4,1800.0,filtered_outliers,1566.0,4M0407505B
170,500.0,5250.0,3000.0,8812.552941176471,40000.0,0.11176470588235295,2100.0,19,1800.0,filtered_outliers,1800.0,06H145710D
135,850.0,4000.0,3000.0,7726.059259259259,36000.0,0.037037037037037035,1600.0,5,1800.0,filtered_outliers,1800.0,4H0898037
93,279.0,4000.0,3000.0,5970.989247311828,21530.0,0.053763440860215055,1600.0,5,1803.0,filtered_outliers,1800.0,06E115243H
45,391.0,4091.0,2831.0,6028.733333333334,23137.0,0.044444444444444446,1636.4,2,1811.0,filtered_outliers,1698.6,A000423101207
74,890.0,4490.0,2875.0,6109.3378378378375,27500.0,0.0945945945945946,1796.0,7,1847.0,filtered_outliers,1725.0,A2463772400
189,350.0,3500.0,3000.0,4752.068783068783,31840.0,0.010582010582010581,1400.0,2,1870.0,filtered_outliers,1800.0,7P0616213
110,604.0,5510.5,3010.0,6043.418181818181,25184.0,0.23636363636363636,2204.2000000000003,26,1880.0,filtered_outliers,1806.0,43202JG21A
64,100.0,5063.5,3045.75,7015.40625,28000.0,0.15625,2025.4,10,1889.0,filtered_outliers,1827.45,A0084201820
84,950.0,5005.0,3112.5,8314.904761904761,37080.0,0.10714285714285714,2002.0,9,1900.0,filtered_outliers,1867.5,A2722000515
23,900.0,6560.0,2980.0,7378.0,18000.0,0.17391304347826086,2624.0,4,1900.0,filtered_outliers,1788.0,06K103495T
75,451.0,3600.0,2250.0,5799.32,21000.0,0.12,1440.0,9,1900.0,filtered_outliers,1350.0,7L0698451H
66,630.0,4247.0,2920.75,27548.909090909092,831600.0,0.15151515151515152,1698.8000000000002,10,1900.0,filtered_outliers,1752.45,3Q0698451J
31,770.0,3858.0,2430.0,6186.741935483871,16100.0,0.03225806451612903,1543.2,1,1900.0,filtered_outliers,1458.0,5Q0698151
31,10.0,5227.0,2500.0,7703.8387096774195,19734.0,0.1935483870967742,2090.8,6,1900.0,filtered_outliers,1500.0,A2710300963
81,360.0,4850.0,2977.0,5564.358024691358,25800.0,0.08641975308641975,1940.0,7,1918.0,filtered_outliers,1786.2,A0084201720
160,880.0,3500.0,3000.0,5652.14375,32448.0,0.00625,1400.0,1,1931.0,filtered_outliers,1800.0,7L0837461F
48,540.0,5000.0,3182.5,11287.020833333334,250000.0,0.22916666666666666,2000.0,11,1984.0,filtered_outliers,1909.5,760853597AIDJ
124,960.0,6900.0,3110.0,109828.14516129032,12000000.0,0.14516129032258066,2760.0,18,1990.0,filtered_outliers,1866.0,A6512007701
126,783.0,4029.0,3200.0,6447.476190476191,45100.0,0.03968253968253968,1611.6000000000001,5,2000.0,filtered_outliers,1920.0,8K0615301
216,660.0,5600.0,3000.0,6639.268518518518,34070.0,0.08796296296296297,2240.0,19,2000.0,filtered_outliers,1800.0,RVH000055
62,820.0,4844.0,3050.0,6538.967741935484,16230.0,0.11290322580645161,1937.6000000000001,7,2000.0,filtered_outliers,1830.0,LR059264
75,773.0,4970.0,3000.0,7486.346666666666,30790.0,0.10666666666666667,1988.0,8,2000.0,filtered_outliers,1800.0,A0004203105
41,100.0,5500.0,2790.0,11117.024390243903,141300.0,0.1951219512195122,2200.0,8,2000.0,filtered_outliers,1674.0,03L103171A
36,900.0,5000.0,3000.0,7886.694444444444,31360.0,0.1388888888888889,2000.0,5,2000.0,filtered_outliers,1800.0,LR181676
60,800.0,3601.0,2000.0,4855.033333333334,15491.0,0.2,1440.4,12,2000.0,filtered_outliers,1200.0,A1665010265
116,913.0,4975.0,3318.75,6133.551724137931,35200.0,0.11206896551724138,1990.0,13,2030.0,filtered_outliers,1991.25,A0064204120
54,919.0,4986.5,3132.75,5915.388888888889,17903.0,0.05555555555555555,1994.6000000000001,3,2034.0,filtered_outliers,1879.6499999999999,A0044204020
111,595.0,5098.0,3104.5,6517.396396396396,40500.0,0.13513513513513514,2039.2,15,2090.0,filtered_outliers,1862.6999999999998,0B5325429E
45,810.0,4860.0,3150.0,7772.511111111111,27209.0,0.044444444444444446,1944.0,2,2120.0,filtered_outliers,1890.0,A1678850406
106,325.0,5198.5,3321.0,13801.471698113208,88404.0,0.08490566037735849,2079.4,9,2132.0,filtered_outliers,1992.6,03N115389A
54,810.0,6392.0,3042.5,11887.037037037036,150000.0,0.2222222222222222,2556.8,12,2143.0,filtered_outliers,1825.5,4M0423812D
224,680.0,4000.0,3543.0,5407.370535714285,41760.0,0.013392857142857142,1600.0,3,2150.0,filtered_outliers,2125.7999999999997,28373FG000
94,836.0,5362.5,3600.0,8161.989361702128,49724.0,0.031914893617021274,2145.0,3,2160.0,filtered_outliers,2160.0,5N0919087H
103,810.0,5700.0,3372.5,12980.883495145632,83665.0,0.08737864077669903,2280.0,9,2240.0,filtered_outliers,2023.5,LR015463
59,875.0,6000.0,3715.0,7010.966101694915,24300.0,0.13559322033898305,2400.0,8,2279.0,filtered_outliers,2229.0,A0004209403
113,354.0,5720.0,3799.0,7082.0,28650.0,0.035398230088495575,2288.0,4,2299.0,filtered_outliers,2279.4,7L8407021
167,450.0,8000.0,3780.0,10750.766467065869,47400.0,0.20958083832335328,3200.0,35,2300.0,filtered_outliers,2268.0,06H107065DM
34,760.0,4225.0,3500.0,6339.205882352941,24280.0,0.029411764705882353,1690.0,1,2375.0,filtered_outliers,2100.0,A1678804000
88,800.0,6144.5,3866.75,9229.96590909091,36900.0,0.11363636363636363,2457.8,10,2400.0,filtered_outliers,2320.0499999999997,LR066429
94,900.0,5750.0,4000.0,7494.840425531915,23750.0,0.05319148936170213,2300.0,5,2429.0,filtered_outliers,2400.0,A0997503500
166,626.0,7950.0,4011.75,27673.295180722893,265900.0,0.10843373493975904,3180.0,18,2430.0,filtered_outliers,2407.0499999999997,5Q0413023FH
104,900.0,5729.5,3995.0,7875.375,25100.0,0.11538461538461539,2291.8,12,2486.0,filtered_outliers,2397.0,A0004209603
33,500.0,8000.0,3800.0,7822.69696969697,19080.0,0.18181818181818182,3200.0,6,2490.0,filtered_outliers,2280.0,WKW500080
212,450.0,5525.0,3890.0,7697.905660377359,57000.0,0.10849056603773585,2210.0,23,2493.0,filtered_outliers,2334.0,565853653A
45,999.0,5300.0,4000.0,9686.68888888889,42973.0,0.06666666666666667,2120.0,3,2500.0,filtered_outliers,2400.0,4F0199382BL
53,499.0,6000.0,4080.0,6247.603773584906,16000.0,0.05660377358490566,2400.0,3,2500.0,filtered_outliers,2448.0,A1668847722
33,800.0,5000.0,3357.0,9478.060606060606,39150.0,0.21212121212121213,2000.0,7,2500.0,filtered_outliers,2014.1999999999998,LR020548
150,279.0,6161.0,4000.0,11088.96,57000.0,0.08666666666666667,2464.4,13,2500.0,filtered_outliers,2400.0,A0001531159
135,500.0,7595.0,3667.0,9932.31851851852,90250.0,0.23703703703703705,3038.0,32,2500.0,filtered_outliers,2200.2,A2700521400
23,999.0,7000.0,4250.0,7436.826086956522,14500.0,0.08695652173913043,2800.0,2,2600.0,filtered_outliers,2550.0,A2762010701
35,450.0,7520.0,3508.0,8841.714285714286,21223.0,0.22857142857142856,3008.0,8,2679.0,filtered_outliers,2104.7999999999997,06K103171P
144,500.0,9900.0,4017.75,10905.902777777777,49500.0,0.2361111111111111,3960.0,34,2680.0,filtered_outliers,2475.0,A2213306400
41,888.0,3890.0,3510.0,5361.048780487805,14024.0,0.04878048780487805,1556.0,2,2694.0,filtered_outliers,2106.0,06E121045BB
157,760.0,5000.0,3400.0,6025.070063694267,26500.0,0.1464968152866242,2000.0,23,2700.0,filtered_outliers,2040.0,A2113560000
113,870.0,5499.0,4057.0,9802.212389380531,169000.0,0.04424778761061947,2199.6,5,2700.0,filtered_outliers,2434.2,8W0615301T
38,500.0,5000.0,3570.0,7094.473684210527,32184.0,0.15789473684210525,2000.0,6,2700.0,filtered_outliers,2142.0,A0034205283
70,600.0,4230.0,3500.0,5585.4,13000.0,0.1,1692.0,7,2790.0,filtered_outliers,2100.0,A2760100331
75,600.0,8000.0,4600.0,11682.853333333333,131375.0,0.14666666666666667,3200.0,11,2800.0,filtered_outliers,2760.0,A6420701987
57,500.0,8301.0,4275.0,7737.105263157895,16600.0,0.15789473684210525,3320.4,9,2800.0,filtered_outliers,2565.0,3Q0698451L
31,275.0,5880.0,3406.5,7309.774193548387,16833.0,0.06451612903225806,2352.0,2,2850.0,filtered_outliers,2043.8999999999999,022103515B
192,12.0,5800.0,4200.0,9516.796875,95000.0,0.041666666666666664,2320.0,8,2850.0,filtered_outliers,2520.0,5Q0121251HC
31,680.0,9025.0,4350.0,10296.387096774193,27854.0,0.1935483870967742,3610.0,6,2850.0,filtered_outliers,2610.0,04L121011P
38,340.0,7456.5,4620.0,7084.1578947368425,18782.0,0.13157894736842105,2982.6000000000004,5,2886.0,filtered_outliers,2772.0,059103161T
67,999.0,8075.0,4500.0,15225.402985074626,47650.0,0.16417910447761194,3230.0,11,2900.0,filtered_outliers,2700.0,A6450900048
40,860.0,6015.5,4600.0,21367.725,550000.0,0.1,2406.2000000000003,4,2935.0,filtered_outliers,2760.0,06E103547F
34,100.0,7651.0,4220.0,8329.882352941177,25483.0,0.14705882352941177,3060.4,5,2950.0,filtered_outliers,2532.0,A4704230600
53,499.0,7137.0,4273.0,7128.169811320755,15650.0,0.16981132075471697,2854.8,9,2999.0,filtered_outliers,2563.7999999999997,A0004209004
38,12.0,10000.0,5000.0,10194.421052631578,34350.0,0.10526315789473684,4000.0,4,3000.0,filtered_outliers,3000.0,LR070246
62,500.0,3636.5,3386.0,9353.225806451614,50000.0,0.016129032258064516,1454.6000000000001,1,3000.0,filtered_outliers,2031.6,1K0615301M
52,919.0,6000.0,4413.5,6282.115384615385,15000.0,0.038461538461538464,2400.0,2,3000.0,filtered_outliers,2648.1,WJI500030
134,690.0,7585.0,5000.0,9042.029850746268,32880.0,0.11940298507462686,3034.0,16,3000.0,filtered_outliers,3000.0,LR035493
183,11.0,7000.0,5000.0,8952.79781420765,47497.0,0.07103825136612021,2800.0,13,3000.0,filtered_outliers,3000.0,02T311206
149,949.0,9090.0,4860.0,15406.44966442953,175000.0,0.087248322147651,3636.0,13,3000.0,filtered_outliers,2916.0,51745A22C60
87,420.0,6800.0,5000.0,7588.183908045977,33500.0,0.05747126436781609,2720.0,5,3000.0,filtered_outliers,3000.0,A2034702394
89,960.0,6100.0,4535.0,7001.393258426966,30900.0,0.06741573033707865,2440.0,6,3000.0,filtered_outliers,2721.0,A2700109703
173,573.0,5443.0,4357.0,6077.959537572255,15050.0,0.023121387283236993,2177.2000000000003,4,3000.0,filtered_outliers,2614.2,VKBA3643
22,850.0,8170.0,4862.5,8282.454545454546,19707.0,0.18181818181818182,3268.0,4,3000.0,filtered_outliers,2917.5,A1665005275
76,500.0,5600.0,4449.25,9492.171052631578,53320.0,0.07894736842105263,2240.0,6,3001.0,filtered_outliers,2669.5499999999997,60U945307A
123,680.0,7514.0,5003.0,9549.18699186992,45000.0,0.08130081300813008,3005.6000000000004,10,3014.0,filtered_outliers,3001.7999999999997,A1664230700
62,306.0,8466.0,4890.0,8511.112903225807,23858.0,0.1774193548387097,3386.4,11,3071.0,filtered_outliers,2934.0,A0004209304
101,477.0,9000.0,4500.0,12580.990099009901,100000.0,0.0891089108910891,3600.0,9,3150.0,filtered_outliers,2700.0,A0008800300
90,111.0,8000.0,5250.0,8437.777777777777,20000.0,0.05555555555555555,3200.0,5,3150.0,filtered_outliers,3150.0,A0009059413
43,250.0,9500.0,4813.0,11999.372093023256,36340.0,0.13953488372093023,3800.0,6,3150.0,filtered_outliers,2887.7999999999997,06L103144K
119,650.0,10700.0,5017.5,34390.5462184874,420000.0,0.17647058823529413,4280.0,21,3187.0,filtered_outliers,3010.5,34116799964
133,900.0,7477.0,4500.0,10733.293233082706,150000.0,0.045112781954887216,2990.8,6,3220.0,filtered_outliers,2700.0,A0004205102
58,600.0,5450.0,4632.5,6020.879310344828,12122.0,0.06896551724137931,2180.0,4,3278.0,filtered_outliers,2779.5,710001645
36,880.0,5442.5,4695.0,6046.083333333333,12027.0,0.08333333333333333,2177.0,3,3450.0,filtered_outliers,2817.0,A0004201405
30,550.0,8285.0,3485.0,16836.1,269000.0,0.23333333333333334,3314.0,7,3480.0,filtered_outliers,2091.0,03H109569
128,680.0,8638.0,5140.75,8804.1640625,43719.0,0.1328125,3455.2000000000003,17,3500.0,filtered_outliers,3084.45,A2722000901
46,769.0,5851.0,4570.75,7866.304347826087,20000.0,0.021739130434782608,2340.4,1,3500.0,filtered_outliers,2742.45,059903133R
199,430.0,6165.0,5378.5,8887.40703517588,55350.0,0.07035175879396985,2466.0,14,3500.0,filtered_outliers,3227.1,A2711801410
96,500.0,7499.5,5438.75,7278.09375,14822.0,0.0625,2999.8,6,3500.0,filtered_outliers,3263.25,K015680XS
47,550.0,9171.0,5551.5,9451.553191489362,27683.0,0.2127659574468085,3668.4,10,3570.0,filtered_outliers,3330.9,09P321370
98,800.0,7320.0,5916.75,9281.42857142857,35000.0,0.09183673469387756,2928.0,9,3600.0,filtered_outliers,3550.0499999999997,A1644211312
48,999.0,7710.0,5775.0,9926.5625,99000.0,0.10416666666666667,3084.0,5,3658.0,filtered_outliers,3465.0,003519185F
57,200.0,8052.0,4110.0,12292.333333333334,45121.0,0.15789473684210525,3220.8,9,3663.0,filtered_outliers,2466.0,03H109503
134,450.0,9250.0,6000.0,17657.776119402984,92272.0,0.07462686567164178,3700.0,10,3684.0,filtered_outliers,3600.0,03F105266
56,492.0,8939.0,5819.75,8862.92857142857,14860.0,0.017857142857142856,3575.6000000000004,1,3794.0,filtered_outliers,3491.85,VKBA7011
47,946.0,10620.0,5698.0,14550.659574468085,42680.0,0.0851063829787234,4248.0,4,3796.0,filtered_outliers,3418.7999999999997,03C121004K
12,946.0,9896.0,6000.0,8963.666666666666,13175.0,0.16666666666666666,3958.4,2,3830.0,filtered_outliers,3600.0,LR111341
124,100.0,8545.0,6200.25,10500.90322580645,25000.0,0.056451612903225805,3418.0,7,3830.0,filtered_outliers,3720.1499999999996,A1643302401
127,325.0,10000.0,5575.0,15041.866141732284,49789.0,0.1968503937007874,4000.0,25,3850.0,filtered_outliers,3345.0,03H103429L
162,144.0,7391.5,6000.0,8712.061728395061,43059.0,0.06790123456790123,2956.6000000000004,11,3880.0,filtered_outliers,3600.0,3AA919051L
92,983.0,9467.5,5378.75,17688.75,390000.0,0.021739130434782608,3787.0,2,3900.0,filtered_outliers,3227.25,9Y0698451AC
32,665.0,7499.5,4749.75,13594.90625,42740.0,0.125,2999.8,4,3937.0,filtered_outliers,2849.85,5TB837015E
102,680.0,8816.0,6225.0,12228.509803921568,73000.0,0.06862745098039216,3526.4,7,3999.0,filtered_outliers,3735.0,A2053305901
69,150.0,7562.0,5950.0,8038.898550724638,28500.0,0.014492753623188406,3024.8,1,4000.0,filtered_outliers,3570.0,A0009935002
118,800.0,10500.0,6247.5,15436.389830508475,120978.0,0.06779661016949153,4200.0,8,4000.0,filtered_outliers,3748.5,13537585261
132,800.0,13634.0,6354.0,17741.234848484848,270000.0,0.23484848484848486,5453.6,31,4000.0,filtered_outliers,3812.3999999999996,8W0615601K
86,500.0,11564.5,6472.5,12313.348837209302,46941.0,0.09302325581395349,4625.8,8,4000.0,filtered_outliers,3883.5,04E109088AN
95,750.0,11400.0,6750.0,14221.168421052631,52240.0,0.1368421052631579,4560.0,13,4200.0,filtered_outliers,4050.0,06L121111
68,930.0,8932.5,7093.75,21235.279411764706,100000.0,0.07352941176470588,3573.0,5,4275.0,filtered_outliers,4256.25,8V0880204G
117,550.0,9700.0,7000.0,12440.880341880342,61425.0,0.08547008547008547,3880.0,10,4300.0,filtered_outliers,4200.0,A2762001301
106,300.0,9262.5,6894.5,9789.245283018869,37200.0,0.1792452830188679,3705.0,19,4300.0,filtered_outliers,4136.7,A1643202431
201,767.0,9879.0,7015.0,11855.074626865671,55146.0,0.05472636815920398,3951.6000000000004,11,4400.0,filtered_outliers,4209.0,A1663300107
42,999.0,10725.0,6480.0,11023.904761904761,25000.0,0.09523809523809523,4290.0,4,4410.0,filtered_outliers,3888.0,A1643300801
41,800.0,6300.0,4749.0,10339.536585365853,75000.0,0.024390243902439025,2520.0,1,4500.0,filtered_outliers,2849.4,4G8880204F
127,800.0,7500.0,6900.0,8276.732283464567,40330.0,0.015748031496062992,3000.0,2,4500.0,filtered_outliers,4140.0,4F0616013
28,500.0,9500.0,7357.5,9397.32142857143,19700.0,0.03571428571428571,3800.0,1,4500.0,filtered_outliers,4414.5,A0009909819
21,499.0,9000.0,5490.0,8320.047619047618,13500.0,0.09523809523809523,3600.0,2,4500.0,filtered_outliers,3294.0,B66470156
56,100.0,8810.5,6875.0,10504.035714285714,33812.0,0.03571428571428571,3524.2000000000003,2,4500.0,filtered_outliers,4125.0,4M0407694E
139,440.0,9500.0,7500.0,14886.676258992806,94990.0,0.04316546762589928,3800.0,6,4500.0,filtered_outliers,4500.0,6NW009550
80,900.0,9390.0,7003.75,13831.4875,43840.0,0.0625,3756.0,5,4500.0,filtered_outliers,4202.25,A2133302100
62,800.0,11164.5,7453.25,10825.161290322581,20879.0,0.16129032258064516,4465.8,10,4500.0,filtered_outliers,4471.95,LR036058
152,700.0,11862.5,7000.0,11645.032894736842,125105.0,0.11842105263157894,4745.0,18,4500.0,filtered_outliers,4200.0,03L130277Q
76,900.0,7973.5,6358.0,12165.118421052632,97000.0,0.07894736842105263,3189.4,6,4619.0,filtered_outliers,3814.7999999999997,4H0615601H
74,950.0,15000.0,7625.0,29648.445945945947,191460.0,0.20270270270270271,6000.0,15,4672.0,filtered_outliers,4575.0,WGS500110
122,11.0,7000.0,5812.5,11902.66393442623,35055.0,0.10655737704918032,2800.0,13,4750.0,filtered_outliers,3487.5,096323981P
115,400.0,10966.0,7172.0,12936.747826086956,34042.0,0.11304347826086956,4386.400000000001,13,4750.0,filtered_outliers,4303.2,A6420103707
202,99.0,11000.0,7977.5,16046.633663366336,175000.0,0.054455445544554455,4400.0,11,4788.0,filtered_outliers,4786.5,A0995002703
127,200.0,8600.0,6995.0,11128.1968503937,43950.0,0.007874015748031496,3440.0,1,4950.0,filtered_outliers,4197.0,A2222408517
156,100.0,13000.0,8000.0,19942.45512820513,380000.0,0.09615384615384616,5200.0,15,4997.0,filtered_outliers,4800.0,5Q0505235J
65,810.0,13300.0,8010.0,26853.784615384615,237500.0,0.13846153846153847,5320.0,9,5000.0,filtered_outliers,4806.0,4K0807065GRU
73,471.0,9000.0,5900.0,18044.08219178082,475000.0,0.1780821917808219,3600.0,13,5000.0,filtered_outliers,3540.0,A6510101230
24,700.0,15781.5,7700.0,14167.083333333334,29302.0,0.20833333333333334,6312.6,5,5000.0,filtered_outliers,4620.0,LR005254
192,10.0,7000.0,5000.0,8023.239583333333,30241.0,0.026041666666666668,2800.0,5,5000.0,filtered_outliers,3000.0,0AJ311206E
131,389.0,7500.0,7500.0,10479.36641221374,64419.0,0.04580152671755725,3000.0,6,5000.0,filtered_outliers,4500.0,LR032067
37,285.0,9500.0,7670.0,9901.513513513513,18525.0,0.05405405405405406,3800.0,2,5000.0,filtered_outliers,4602.0,A0009829508
79,599.0,18000.0,7300.0,23551.74683544304,111383.0,0.13924050632911392,7200.0,11,5000.0,filtered_outliers,4500.0,A0009051103
179,800.0,12500.0,7000.0,13956.162011173185,115570.0,0.027932960893854747,5000.0,5,5000.0,filtered_outliers,4200.0,A1643206013
19,721.0,12000.0,8426.5,11577.631578947368,18047.0,0.05263157894736842,4800.0,1,5145.0,filtered_outliers,5055.9,WGC500150
121,999.0,12680.0,8500.0,12661.396694214876,60600.0,0.10743801652892562,5072.0,13,5220.0,filtered_outliers,5100.0,A2213370245
52,781.0,13100.0,7900.0,13656.961538461539,41100.0,0.057692307692307696,5240.0,3,5490.0,filtered_outliers,4740.0,A0009935876
82,105.0,14105.0,8415.0,32281.036585365855,163000.0,0.15853658536585366,5642.0,13,5500.0,filtered_outliers,5049.0,A2137300205
65,300.0,9400.0,8000.0,10019.784615384615,26660.0,0.07692307692307693,3760.0,5,5600.0,filtered_outliers,4800.0,06H127025K
83,450.0,15000.0,9335.0,19583.927710843374,230000.0,0.18072289156626506,6000.0,15,5650.0,filtered_outliers,5601.0,03H109465
96,100.0,12370.5,9477.75,13061.260416666666,35550.0,0.08333333333333333,4948.200000000001,8,5700.0,filtered_outliers,5686.65,A0004212112
23,100.0,13500.0,7500.0,38298.65217391304,510000.0,0.08695652173913043,5400.0,2,5820.0,filtered_outliers,4500.0,059130277ED
50,599.0,16550.0,9898.25,21175.22,60000.0,0.14,6620.0,7,6000.0,filtered_outliers,5938.95,LR035556
184,10.0,11800.0,8225.0,13300.070652173914,90000.0,0.19021739130434784,4720.0,35,6000.0,filtered_outliers,4935.0,55502JD00A
24,499.0,15500.0,9742.25,16914.5,41325.0,0.125,6200.0,3,6000.0,filtered_outliers,5845.349999999999,A2C59511700
37,470.0,8787.0,7800.0,10733.513513513513,26999.0,0.08108108108108109,3514.8,3,6082.0,filtered_outliers,4680.0,8R0407694B
83,930.0,11999.0,9000.0,12646.783132530121,36100.0,0.024096385542168676,4799.6,2,6200.0,filtered_outliers,5400.0,03C127026C
29,624.0,20100.0,9800.0,17844.206896551725,38360.0,0.10344827586206896,8040.0,3,6300.0,filtered_outliers,5880.0,A0002007323
198,720.0,13500.0,10342.5,38306.67676767677,717000.0,0.025252525252525252,5400.0,5,6500.0,filtered_outliers,6205.5,A0995003500
17,900.0,14700.0,10000.0,13763.117647058823,23504.0,0.058823529411764705,5880.0,1,6500.0,filtered_outliers,6000.0,LR022564
31,494.0,9995.0,8176.5,15103.129032258064,31500.0,0.06451612903225806,3998.0,2,6500.0,filtered_outliers,4905.9,420887445
136,800.0,12999.0,10000.0,20779.176470588234,144000.0,0.051470588235294115,5199.6,7,6642.0,filtered_outliers,6000.0,A-6421540402
64,870.0,9913.5,8294.5,9992.5625,35471.0,0.0625,3965.4,4,6700.0,filtered_outliers,4976.7,CT908WP1
87,936.0,16200.0,9468.0,17732.528735632182,48160.0,0.14942528735632185,6480.0,13,6710.0,filtered_outliers,5680.8,06E109465
33,902.0,11261.0,9800.0,11286.39393939394,23543.0,0.06060606060606061,4504.400000000001,2,6875.0,filtered_outliers,5880.0,LR180125
129,100.0,16000.0,10800.0,33332.782945736435,407000.0,0.10077519379844961,6400.0,13,6900.0,filtered_outliers,6480.0,5Q0121203DE
16,450.0,9645.0,7928.0,11852.875,25200.0,0.125,3858.0,2,6970.0,filtered_outliers,4756.8,1K0919051CJ
64,15.0,12000.0,8000.0,11561.265625,47430.0,0.015625,4800.0,1,6999.0,filtered_outliers,4800.0,A2139005711
142,100.0,18000.0,11250.0,31270.091549295776,218984.0,0.1619718309859155,7200.0,23,7000.0,filtered_outliers,6750.0,4M0821106D
59,1.0,18200.0,9788.0,17228.101694915254,48999.0,0.2033898305084746,7280.0,12,7000.0,filtered_outliers,5872.8,A4473265400
25,902.0,23120.0,9870.0,18901.32,37320.0,0.16,9248.0,4,7000.0,filtered_outliers,5922.0,06H115105GC
167,800.0,17575.0,9599.5,20683.45508982036,96774.0,0.19161676646706588,7030.0,32,7000.0,filtered_outliers,5759.7,A0009931078
62,900.0,10120.0,8171.25,12222.209677419354,60658.0,0.016129032258064516,4048.0,1,7000.0,filtered_outliers,4902.75,LR024473
73,790.0,14880.0,8500.0,19105.904109589042,78000.0,0.1095890410958904,5952.0,8,7200.0,filtered_outliers,5100.0,A1668800506
48,999.0,15990.0,11960.0,18754.270833333332,42000.0,0.10416666666666667,6396.0,5,7252.0,filtered_outliers,7176.0,A6420102528
14,1.0,12800.0,8180.25,12372.92857142857,23877.0,0.21428571428571427,5120.0,3,7307.0,filtered_outliers,4908.15,LR023004
121,111.0,15000.0,9000.0,19714.00826446281,290400.0,0.17355371900826447,6000.0,21,7500.0,filtered_outliers,5400.0,059103470AS
98,100.0,17430.0,12027.0,20291.48979591837,67999.0,0.030612244897959183,6972.0,3,7500.0,filtered_outliers,7216.2,03L198119F
224,798.0,13500.0,11500.0,17070.397321428572,318978.0,0.008928571428571428,5400.0,2,7740.0,filtered_outliers,6900.0,A2213205513
11,999.0,8100.0,7900.0,7967.0,13000.0,0.18181818181818182,3240.0,2,7800.0,filtered_outliers,4740.0,4G0698151AH
227,50.0,19000.0,13000.0,23635.334801762114,111377.0,0.039647577092511016,7600.0,9,7800.0,filtered_outliers,7800.0,60U831056
82,100.0,15775.0,12600.0,24060.036585365855,120000.0,0.024390243902439025,6310.0,2,7830.0,filtered_outliers,7560.0,A0141540402
63,800.0,15000.0,9880.0,16926.190476190477,65000.0,0.14285714285714285,6000.0,9,7920.0,filtered_outliers,5928.0,LR008958
152,900.0,19755.0,12750.0,25721.894736842107,127000.0,0.125,7902.0,19,7990.0,filtered_outliers,7650.0,AX2Q6K682CB
44,750.0,15041.5,12000.0,17663.454545454544,39789.0,0.06818181818181818,6016.6,3,8000.0,filtered_outliers,7200.0,06J133201AR
19,525.0,13290.0,11170.0,12565.684210526315,23149.0,0.15789473684210525,5316.0,3,8000.0,filtered_outliers,6702.0,03L905061H
29,550.0,14651.0,8480.0,13892.51724137931,29950.0,0.20689655172413793,5860.400000000001,6,8000.0,filtered_outliers,5088.0,A1768200144
54,590.0,15420.0,13250.0,17786.037037037036,80600.0,0.09259259259259259,6168.0,5,8000.0,filtered_outliers,7950.0,LR076696
101,800.0,13500.0,12700.0,13784.534653465347,27668.0,0.04950495049504951,5400.0,5,8000.0,filtered_outliers,7620.0,A0009063000
50,650.0,16375.0,12895.0,15624.92,26290.0,0.04,6550.0,2,8392.0,filtered_outliers,7737.0,CT1134K1
24,950.0,22384.0,14099.75,29222.583333333332,69418.0,0.125,8953.6,3,8490.0,filtered_outliers,8459.85,A1673306700
69,800.0,17910.0,11700.0,24109.420289855072,115200.0,0.13043478260869565,7164.0,9,8500.0,filtered_outliers,7020.0,06H198205N
149,100.0,18000.0,13500.0,21014.46979865772,70000.0,0.1476510067114094,7200.0,22,8860.0,filtered_outliers,8100.0,A1669063301
147,400.0,17500.0,11495.0,14235.530612244898,25000.0,0.2108843537414966,7000.0,31,9000.0,filtered_outliers,6897.0,LR045251
23,10.0,24999.0,13792.5,22545.130434782608,41265.0,0.17391304347826086,9999.6,4,9000.0,filtered_outliers,8275.5,0B5927321F
144,659.0,27000.0,14999.75,39285.069444444445,185000.0,0.09027777777777778,10800.0,13,9120.0,filtered_outliers,8999.85,A1666205901
103,100.0,14500.0,10990.0,25233.33009708738,193600.0,0.009708737864077669,5800.0,1,9200.0,filtered_outliers,6594.0,A1673237400
112,500.0,22450.0,12000.0,23380.366071428572,110000.0,0.23214285714285715,8980.0,26,9240.0,filtered_outliers,7200.0,7P0616006H
49,900.0,26600.0,16200.0,35513.510204081635,183598.0,0.14285714285714285,10640.0,7,9800.0,filtered_outliers,9720.0,A2721402201
29,850.0,30000.0,15893.0,28182.55172413793,65000.0,0.1724137931034483,12000.0,5,9842.0,filtered_outliers,9535.8,LR015177
95,100.0,23000.0,15650.0,27107.915789473685,95000.0,0.16842105263157894,9200.0,16,10000.0,filtered_outliers,9390.0,A2053308403
18,900.0,10908.0,10485.0,10329.888888888889,17480.0,0.16666666666666666,4363.2,3,10480.0,filtered_outliers,6291.0,A0024601948
160,990.0,25320.0,16900.0,25108.14375,255000.0,0.16875,10128.0,27,11000.0,filtered_outliers,10140.0,A0019828108
83,600.0,28500.0,17200.0,27283.951807228917,67673.0,0.0963855421686747,11400.0,8,11189.0,filtered_outliers,10320.0,059103469DE
49,700.0,21200.0,15300.0,29186.755102040817,88569.0,0.12244897959183673,8480.0,6,11400.0,filtered_outliers,9180.0,A0009053303
40,463.0,19475.0,14225.0,23629.4,64248.0,0.05,7790.0,2,11900.0,filtered_outliers,8535.0,A4635001100
51,800.0,18000.0,12000.0,24020.176470588234,161851.0,0.23529411764705882,7200.0,12,12000.0,filtered_outliers,7200.0,A0002309111
154,589.0,25000.0,20000.0,29436.46103896104,128500.0,0.045454545454545456,10000.0,7,12000.0,filtered_outliers,12000.0,A0009052504
10,500.0,19000.0,14500.0,20786.2,58000.0,0.1,7600.0,1,12000.0,filtered_outliers,8700.0,04L130277AL
30,410.0,25828.0,18462.5,24839.733333333334,70000.0,0.13333333333333333,10331.2,4,12000.0,filtered_outliers,11077.5,A1642820182
75,700.0,20000.0,15700.0,31027.133333333335,130136.0,0.05333333333333334,8000.0,4,12000.0,filtered_outliers,9420.0,A0009054603
56,800.0,17090.0,15375.0,24150.714285714286,85050.0,0.017857142857142856,6836.0,1,13300.0,filtered_outliers,9225.0,LR098788
70,100.0,28500.0,22049.75,42190.92857142857,314134.0,0.014285714285714285,11400.0,1,13860.0,filtered_outliers,13229.85,A2053304107
94,350.0,17500.0,15047.5,16058.212765957447,32000.0,0.18085106382978725,7000.0,17,14900.0,filtered_outliers,9028.5,LR011839
81,700.0,36899.0,24000.0,38250.92592592593,120600.0,0.16049382716049382,14759.6,13,15000.0,filtered_outliers,14400.0,09D300038K
67,430.0,31200.0,26102.0,32157.86567164179,75611.0,0.04477611940298507,12480.0,3,17000.0,filtered_outliers,15661.199999999999,LR005939
12,10.0,29508.0,25110.0,53625.833333333336,300000.0,0.16666666666666666,11803.2,2,19800.0,filtered_outliers,15066.0,A0009054907
95,100.0,50515.0,34600.0,54561.42105263158,228501.0,0.18947368421052632,20206.0,18,21000.0,filtered_outliers,20760.0,0BH398029B
6,600.0,29000.0,27950.0,24799.833333333332,32600.0,0.16666666666666666,11600.0,1,27600.0,filtered_outliers,16770.0,507032554
85,100.0,119000.0,70000.0,108353.11764705883,362463.0,0.18823529411764706,47600.0,16,45744.0,filtered_outliers,42000.0,A1664606000
86,200.0,149999.0,109750.0,213796.39534883722,6700000.0,0.19767441860465115,59999.600000000006,17,75000.0,filtered_outliers,65850.0,GA8HP51X
7,350.0,95000.0,77750.0,86013.28571428571,147320.0,0.14285714285714285,38000.0,1,76500.0,filtered_outliers,46650.0,415130054
22,100.0,195000.0,127250.0,223429.54545454544,852700.0,0.13636363636363635,78000.0,3,99000.0,filtered_outliers,76350.0,A1673305500
